id;testname
275280;unittest1
275283;unittest2
175244;unittest3
256792;unittestSmoke
132982;unittestRegression
268943;unittest4
253221;unittestBasic
144567;unittest5
232345;unittest6
141321;unittest7
275334;unittest8
375280;integrationtest1
375283;integrationtest2
375244;integrationtest3
356792;integrationtest4
432982;integrationtest5
568943;integrationtest6
753221;integrationtest7
344567;integrationtest8
432345;integrationtest9
241321;integrationtest10
375334;integrationtest11
